"roi_num","spatial_roi_num","x","y","z","MNI_Glasser_HCP_v1.0","Brainnetome_1.0","CA_ML_18_MNI"
150,1,-62,-20,-18,"Focus point:  L_Area_TE1_Middle","Focus point:  A21c_left","Focus point:  Left Middle Temporal Gyrus"
44,2,-62,-11,31,"* Within 2 mm: L_Area_1","Focus point:  A1/2/3ulhf_left","Focus point:  Left Postcentral Gyrus"
157,3,-61,-34,5,"Focus point:  L_Auditory_5_Complex","Focus point:  rpSTS_left","Focus point:  Left Middle Temporal Gyrus"
94,4,-61,-23,31,"Focus point:  L_Area_PFt","Focus point:  A40rd_left","Focus point:  Left SupraMarginal Gyrus"
133,5,-60,-50,-9,"Focus point:  L_Area_TE1_posterior","Focus point:  A20cl_left","Focus point:  Left Middle Temporal Gyrus"
154,6,-60,-37,-2,"Focus point:  L_Area_STSv_posterior","Focus point:  aSTS_left","Focus point:  Left Middle Temporal Gyrus"
95,7,-60,-36,34,"Focus point:  L_Area_PF_Complex","Focus point:  A40rv_left","Focus point:  Left SupraMarginal Gyrus"
42,8,-60,-18,19,"Focus point:  L_Area_OP4/PV","Focus point:  A1/2/3tonIa_left","Focus point:  Left Postcentral Gyrus"
156,9,-60,-15,-2,"* Within 2 mm: L_Auditory_5_Complex","Focus point:  A22r_left","Focus point:  Left Middle Temporal Gyrus"
93,10,-59,-45,27,"Focus point:  L_PeriSylvian_Language_Area","Focus point:  A40c_left","Focus point:  Left SupraMarginal Gyrus"
151,11,-59,-38,-17,"Focus point:  L_Area_TE2_anterior","Focus point:  A20cl_left","Focus point:  Left Inferior Temporal Gyrus"
40,12,-59,-3,12,"Focus point:  L_Area_43","Focus point:  A4tl_left","Focus point:  Left Rolandic Operculum"
128,13,-58,-43,44,"Focus point:  L_Area_PF_Complex","Focus point:  A40c_left","Focus point:  Left Inferior Parietal Lobule"
37,14,-58,-38,17,"Focus point:  L_Auditory_4_Complex","Focus point:  A41/42_left","Focus point:  Left Superior Temporal Gyrus"
43,15,-58,-3,24,"Focus point:  L_Primary_Motor_Cortex","Focus point:  A4hf_left","Focus point:  Left Postcentral Gyrus"
159,16,-57,-49,16,"Focus point:  L_Superior_Temporal_Visual_Area","Focus point:  cpSTS_left","Focus point:  Left Superior Temporal Gyrus"
33,17,-56,-22,8,"Focus point:  L_ParaBelt_Complex","Focus point:  TE1.0_1.2_left","Focus point:  Left Superior Temporal Gyrus"
152,18,-56,-11,-13,"Focus point:  L_Area_STSv_anterior","Focus point:  aSTS_left","Focus point:  Left Middle Temporal Gyrus"
96,19,-55,-55,10,"* Within 1 mm: L_Area_PHT","Focus point:  cpSTS_left","Focus point:  Left Middle Temporal Gyrus"
163,20,-55,-55,29,"Focus point:  L_Area_PFm_Complex","Focus point:  A39rv_left","Focus point:  Left Angular Gyrus"
71,21,-54,-62,-1,"Focus point:  L_Area_PHT","Focus point:  A37vl_left","Focus point:  Left Middle Temporal Gyrus"
92,22,-54,-33,23,"Focus point:  L_Area_PFcm","Focus point:  A40rv_left","Focus point:  Left Superior Temporal Gyrus"
149,23,-54,-2,-27,"Focus point:  L_Area_STSv_anterior","Focus point:  A21r_left","Focus point:  Left Middle Temporal Gyrus"
74,24,-53,-31,43,"Focus point:  L_Area_PFt","Focus point:  A40rd_left","Focus point:  Left Inferior Parietal Lobule"
122,25,-53,-22,-29,"Focus point:  L_Area_TE2_posterior","Focus point:  A20cv_left","Focus point:  Left Inferior Temporal Gyrus"
46,26,-53,-20,39,"Focus point:  L_Area_2","Focus point:  A2_left","Focus point:  Left Inferior Parietal Lobule"
153,27,-53,4,-11,"* Within 1 mm: L_Area_TA2","Focus point:  A22r_left","Focus point:  Left Superior Temporal Gyrus"
175,28,-53,21,13,"Focus point:  L_Area_45","Focus point:  A45c_left","Focus point:  Left Inferior Frontal Gyrus (p. Triangularis)"
129,29,-52,-52,44,"* Within 1 mm: L_Area_PFm_Complex","Focus point:  A40c_left","Focus point:  Left Inferior Parietal Lobule"
45,30,-52,-10,30,"Focus point:  L_Primary_Sensory_Cortex","Focus point:  A1/2/3ulhf_left","Focus point:  Left Postcentral Gyrus"
158,31,-51,-45,5,"Focus point:  L_Area_STSd_posterior","Focus point:  rpSTS_left","Focus point:  Left Middle Temporal Gyrus"
155,32,-51,-25,-5,"Focus point:  L_Area_STSd_posterior","Focus point:  A22c_left","Focus point:  Left Middle Temporal Gyrus"
105,33,-51,10,13,"Focus point:  L_Rostral_Area_6","Focus point:  A44v_left","Focus point:  Left Inferior Frontal Gyrus (p. Opercularis)"
32,34,-50,-10,1,"Focus point:  L_Medial_Belt_Complex","Focus point:  TE1.0_1.2_left","Focus point:  Left Superior Temporal Gyrus"
47,35,-50,-8,43,"* Within 1 mm: L_Area_55b","Focus point:  A4hf_left","Focus point:  Left Postcentral Gyrus"
104,36,-50,1,5,"Focus point:  L_Frontal_Opercular_Area_1","Focus point:  A4tl_left","Focus point:  Left Rolandic Operculum"
91,37,-49,1,37,"Focus point:  L_Premotor_Eye_Fields","Focus point:  A6cvl_left","Focus point:  Left Precentral Gyrus"
70,38,-48,-55,-15,"Focus point:  L_Area_TE2_posterior","Focus point:  A37lv_left","Focus point:  Left Inferior Temporal Gyrus"
41,39,-48,-25,18,"Focus point:  L_Area_OP1/SII","Focus point:  A40rv_left","Focus point:  Left Rolandic Operculum"
39,40,-48,-14,14,"Focus point:  L_Area_OP4/PV","Focus point:  A1/2/3tonIa_left","Focus point:  Left Rolandic Operculum"
90,41,-48,6,25,"Focus point:  L_Rostral_Area_6","Focus point:  A6cvl_left","Focus point:  Left Inferior Frontal Gyrus (p. Opercularis)"
162,42,-47,-64,29,"Focus point:  L_Area_PGi","Focus point:  A39rv_left","Focus point:  Left Angular Gyrus"
51,43,-47,-19,53,"* Within 1 mm: L_Primary_Sensory_Cortex","* Within 1 mm: A1/2/3ulhf_left","Focus point:  Left Postcentral Gyrus"
48,44,-47,-17,39,"Focus point:  L_Primary_Motor_Cortex","Focus point:  A1/2/3ulhf_left","Focus point:  Left Postcentral Gyrus"
172,45,-47,27,1,"* Within 1 mm: L_Area_45","Focus point:  A44op_left","Focus point:  Left Inferior Frontal Gyrus (p. Triangularis)"
72,46,-46,-68,14,"Focus point:  L_Medial_Superior_Temporal_Area","Focus point:  A39rv_left","Focus point:  Left Middle Temporal Gyrus"
165,47,-46,-62,46,"* Within 2 mm: L_Area_PFm_Complex","Focus point:  A39rd_left","Focus point:  Left Angular Gyrus"
52,48,-46,-30,56,"* Within 2 mm: L_Area_1","Focus point:  A2_left","Focus point:  Left Postcentral Gyrus"
170,49,-46,33,-10,"Focus point:  L_Area_47l_(47_lateral)","Focus point:  A12/47l_left","Focus point:  Left Inferior Frontal Gyrus (p. Orbitalis)"
136,50,-46,35,11,"Focus point:  L_Area__IFSa","Focus point:  IFS_left","Focus point:  Left Inferior Frontal Gyrus (p. Triangularis)"
17,51,-45,-73,4,"Focus point:  L_Area_FST","Focus point:  V5/MT+_left","Focus point:  Left Middle Occipital Gyrus"
160,52,-45,-59,19,"Focus point:  L_Area_TemporoParietoOccipital_Junction_2","Focus point:  A39rv_left","Focus point:  Left Middle Temporal Gyrus"
132,53,-45,-43,47,"Focus point:  L_Anterior_IntraParietal_Area","Focus point:  A40rd_left","Focus point:  Left Inferior Parietal Lobule"
69,54,-44,-42,-21,"Focus point:  L_Area_TE2_posterior","Focus point:  A37lv_left","Focus point:  Left Fusiform Gyrus"
97,55,-44,4,-16,"* Within 1 mm: L_Para-Insular_Area","Focus point:  A38l_left","Focus point:  Left Temporal Pole"
140,56,-44,21,27,"Focus point:  L_Area_8C","Focus point:  IFJ_left","Focus point:  Left Inferior Frontal Gyrus (p. Triangularis)"
8,57,-43,-71,-9,"Focus point:  L_Area_PH","Focus point:  A37lv_left","Focus point:  Left Inferior Occipital Gyrus"
76,58,-43,-30,39,"Focus point:  L_Anterior_IntraParietal_Area","Focus point:  A40rd_left","Focus point:  Left Inferior Parietal Lobule"
124,59,-43,12,-33,"Focus point:  L_Area_TG_dorsal","Focus point:  A21r_left","Focus point:  Left Medial Temporal Pole"
103,60,-43,14,3,"Focus point:  L_Frontal_Opercular_Area_4","Focus point:  A44op_left","Focus point:  Left Insula Lobe"
185,61,-42,5,47,"Focus point:  L_Area_55b","Focus point:  IFJ_left","Focus point:  Left Precentral Gyrus"
161,62,-41,-78,28,"Focus point:  L_Area_PGp","Focus point:  A39c_left","Focus point:  Left Middle Occipital Gyrus"
38,63,-41,-35,15,"Focus point:  L_RetroInsular_Cortex","Focus point:  A40rv_left","Focus point:  Left Superior Temporal Gyrus"
139,64,-41,38,22,"* Within 1 mm: L_Area_46","Focus point:  A9/46v_left","Focus point:  Left Middle Frontal Gyrus"
135,65,-41,48,-5,"Focus point:  L_Area_posterior_47r","Focus point:  A12/47l_left","Focus point:  Left Middle Orbital Gyrus"
14,66,-40,-86,-5,"Focus point:  L_Posterior_InferoTemporal","Focus point:  iOccG_left","Focus point:  Left Middle Occipital Gyrus"
164,67,-40,-72,41,"Focus point:  L_Area_PGs","Focus point:  A39rv_left","Focus point:  Left Angular Gyrus"
123,68,-40,-21,-25,"Focus point:  L_Area_TF","Focus point:  A37lv_left","Focus point:  Left Inferior Temporal Gyrus"
100,69,-40,-15,-1,"Focus point:  L_Area_Posterior_Insular_1","Focus point:  G_left","Focus point:  Left Superior Temporal Gyrus"
86,70,-40,-4,51,"Focus point:  L_Frontal_Eye_Fields","Focus point:  A6cdl_left","Focus point:  Left Precentral Gyrus"
182,71,-40,16,46,"Focus point:  L_Area_8Av","Focus point:  A8vl_left","Focus point:  Left Middle Frontal Gyrus"
131,72,-39,-53,46,"Focus point:  L_Area_PFm_Complex","Focus point:  A39rd_left","Focus point:  Left Inferior Parietal Lobule"
50,73,-39,-14,48,"Focus point:  L_Primary_Motor_Cortex","Focus point:  A4hf_left","Focus point:  Left Postcentral Gyrus"
98,74,-39,2,-4,"Focus point:  L_Posterior_Insular_Area_2","Focus point:  vId/vIg_left","Focus point:  Left Insula Lobe"
23,75,-38,-84,12,"Focus point:  L_Area_V3CD","Focus point:  mOccG_left","Focus point:  Left Middle Occipital Gyrus"
35,76,-38,-9,13,"Focus point:  L_Posterior_Insular_Area_2","Focus point:  dIg_left","Focus point:  Left Insula Lobe"
119,77,-38,-6,-41,"* Within 1 mm: L_Area_TF","Focus point:  A20rv_left","Focus point:  Left Inferior Temporal Gyrus"
137,78,-38,50,12,"Focus point:  L_Area_anterior_9-46v","Focus point:  A9/46v_left","Focus point:  Left Middle Frontal Gyrus"
53,79,-37,-26,49,"Focus point:  L_Area_3a","Focus point:  A1/2/3ulhf_left","Focus point:  Left Postcentral Gyrus"
142,80,-37,30,37,"Focus point:  L_Area_46","Focus point:  A8vl_left","Focus point:  Left Middle Frontal Gyrus"
79,81,-36,-37,44,"Focus point:  L_Anterior_IntraParietal_Area","Focus point:  A2_left","Focus point:  Left Inferior Parietal Lobule"
36,82,-36,-26,19,"Focus point:  L_Area_OP2-3/VS","Focus point:  G_left","Focus point:  Left Rolandic Operculum"
34,83,-36,-24,11,"Focus point:  L_Medial_Belt_Complex","Focus point:  G_left","Focus point:  Left Heschls Gyrus"
102,84,-36,5,11,"Focus point:  L_Frontal_Opercular_Area_3","Focus point:  dId_left","Focus point:  Left Insula Lobe"
141,85,-36,7,33,"Focus point:  L_Area_8C","Focus point:  IFJ_left","Focus point:  Left Precentral Gyrus"
3,86,-35,-61,-17,"Focus point:  L_Ventral_Visual_Complex","Focus point:  A37mv_left","Focus point:  Left Fusiform Gyrus"
80,87,-35,-50,54,"Focus point:  L_Area_Lateral_IntraParietal_ventral","Focus point:  A5l_left","Focus point:  Left Inferior Parietal Lobule"
166,88,-35,22,-15,"Focus point:  L_Area_47s","Focus point:  A12/47o_left","Focus point:  Left Inferior Frontal Gyrus (p. Orbitalis)"
167,89,-35,36,-12,"Focus point:  L_Area_47m","Focus point:  A12/47o_left","Focus point:  Left Inferior Frontal Gyrus (p. Orbitalis)"
6,90,-34,-81,-15,"Focus point:  L_Eighth_Visual_Area","Focus point:  iOccG_left","Focus point:  Left Fusiform Gyrus"
130,91,-34,-63,46,"Focus point:  L_Area_Lateral_IntraParietal_dorsal","Focus point:  A39rd_left","Focus point:  Left Inferior Parietal Lobule"
57,92,-34,-19,62,"* Within 3 mm: L_Primary_Motor_Cortex","* Within 1 mm: A4ul_left","Focus point:  Left Precentral Gyrus"
143,93,-34,17,-8,"Focus point:  L_Anterior_Agranular_Insula_Complex","Focus point:  vIa_left","Focus point:  Left Insula Lobe"
77,94,-33,-46,39,"Focus point:  L_Area_Lateral_IntraParietal_dorsal","Focus point:  A5l_left","Focus point:  Left Inferior Parietal Lobule"
1,95,-32,-41,-21,"Focus point:  L_Ventral_Visual_Complex","Focus point:  A37mv_left","Focus point:  Left Fusiform Gyrus"
59,96,-32,-30,60,"Focus point:  L_Primary_Sensory_Cortex","Focus point:  A4ul_left","Focus point:  Left Precentral Gyrus"
125,97,-32,11,-29,"Focus point:  L_Area_TG_dorsal","Focus point:  A38m_left","Focus point:  Left Temporal Pole"
101,98,-32,20,9,"Focus point:  L_Frontal_Opercular_Area_4","Focus point:  dIa_left","Focus point:  Left Insula Lobe"
99,99,-32,26,0,"Focus point:  L_Anterior_Ventral_Insular_Area","Focus point:  A12/47l_left","Focus point:  Left Insula Lobe"
28,100,-31,-84,26,"Focus point:  L_Area_PGp","Focus point:  A39c_left","Focus point:  Left Middle Occipital Gyrus"
436,101,-31,-65,-38,NA,NA,"Focus point:  Left Cerebellum (Crus 2)"
58,102,-30,-45,60,"Focus point:  L_Area_2","Focus point:  A7pc_left","Focus point:  Left Superior Parietal Lobule"
60,103,-30,-38,64,"Focus point:  L_Area_1","Focus point:  A2_left","Focus point:  Left Postcentral Gyrus"
2,104,-30,-33,-17,"* Within 1 mm: L_ParaHippocampal_Area_2","Focus point:  TL_left","Focus point:  Left Fusiform Gyrus"
413,105,-30,-9,2,"* Within 6 mm: L_Posterior_Insular_Area_2","Focus point:  dlPu_left","Focus point:  Left Putamen"
88,106,-30,-9,49,"Focus point:  L_Area_6_anterior","Focus point:  A6cdl_left","Focus point:  Left Precentral Gyrus"
127,107,-29,-74,40,"Focus point:  L_Area_IntraParietal_1","Focus point:  A39c_left","Focus point:  Left Middle Occipital Gyrus"
186,108,-29,13,55,"Focus point:  L_Inferior_6-8_Transitional_Area","Focus point:  A8vl_left","Focus point:  Left Middle Frontal Gyrus"
106,109,-29,42,28,"Focus point:  L_Area_9-46d","Focus point:  A9/46d_left","Focus point:  Left Middle Frontal Gyrus"
78,110,-28,-58,48,"Focus point:  L_Area_Lateral_IntraParietal_ventral","Focus point:  A7ip_left","Focus point:  Left Inferior Parietal Lobule"
424,111,-28,-24,-14,"Focus point:  L_Hippocampus","Focus point:  cHipp_left","Focus point:  Left Hippocampus"
171,112,-28,57,0,"Focus point:  L_Area_anterior_10p","Focus point:  A46_left","Focus point:  Left Superior Frontal Gyrus"
73,113,-27,-70,29,"Focus point:  L_IntraParietal_Sulcus_Area_1","Focus point:  A39c_left","Focus point:  Left Middle Occipital Gyrus"
82,114,-27,-58,60,"Focus point:  L_Ventral_IntraParietal_Complex","Focus point:  A7ip_left","Focus point:  Left Superior Parietal Lobule"
134,115,-27,49,-13,"Focus point:  L_Area_11l","Focus point:  A11l_left","Focus point:  Left Middle Orbital Gyrus"
138,116,-27,54,13,"Focus point:  L_Area_9_anterior","Focus point:  A46_left","Focus point:  Left Middle Frontal Gyrus"
87,117,-26,-2,52,"Focus point:  L_Area_6_anterior","Focus point:  A6vl_left","Focus point:  Left Middle Frontal Gyrus"
120,118,-26,6,-37,"Focus point:  L_Area_TG_dorsal","Focus point:  A38m_left","Focus point:  Left Medial Temporal Pole"
27,119,-25,-85,20,"Focus point:  L_Area_V3B","Focus point:  lsOccG_left","Focus point:  Left Middle Occipital Gyrus"
437,120,-25,-73,-37,NA,NA,"Focus point:  Left Cerebellum (Crus 2)"
434,121,-25,-56,-37,NA,NA,"* Within 2 mm: Left Cerebellum (VI)"
4,122,-25,-55,-8,"Focus point:  L_VentroMedial_Visual_Area_2","Focus point:  rLinG_left","Focus point:  Left Lingual Gyrus"
423,123,-25,-36,-5,"Focus point:  L_Hippocampus","Focus point:  cHipp_left","Focus point:  Left Hippocampus"
425,124,-25,-16,-19,"Focus point:  L_Hippocampus","Focus point:  rHipp_left","Focus point:  Left Hippocampus"
61,125,-25,-12,61,"Focus point:  L_Area_6_anterior","Focus point:  A6cdl_left","Focus point:  Left Precentral Gyrus"
121,126,-25,-9,-32,"* Within 1 mm: L_Entorhinal_Cortex","Focus point:  A35/36r_left","Focus point:  Left ParaHippocampal Gyrus"
401,127,-25,-5,-21,"* Within 2 mm: L_Hippocampus","Focus point:  rHipp_left","Focus point:  Left Hippocampus"
414,128,-25,1,5,NA,"Focus point:  GP_left","Focus point:  Left Putamen"
181,129,-25,29,42,"Focus point:  L_Area_8Ad","Focus point:  A8vl_left","Focus point:  Left Middle Frontal Gyrus"
19,130,-24,-95,6,"Focus point:  L_Third_Visual_Area","Focus point:  OPC_left","Focus point:  Left Middle Occipital Gyrus"
75,131,-24,-64,45,"Focus point:  L_Medial_IntraParietal_Area","Focus point:  A7c_left","Focus point:  Left Superior Parietal Lobule"
12,132,-23,-96,-11,"* Within 1 mm: L_Primary_Visual_Cortex","Focus point:  iOccG_left","Focus point:  Left Inferior Occipital Gyrus"
426,133,-23,-11,-23,"* Within 1 mm: L_Hippocampus","Focus point:  rHipp_left","Focus point:  Left Hippocampus"
115,134,-23,22,-20,"Focus point:  L_Area_13l","Focus point:  A11l_left","Focus point:  Left Inferior Frontal Gyrus (p. Orbitalis)"
5,135,-22,-74,-10,"Focus point:  L_Third_Visual_Area","Focus point:  rLinG_left","Focus point:  Left Lingual Gyrus"
180,136,-22,47,29,"* Within 1 mm: L_Area_9_anterior","Focus point:  A9/46d_left","Focus point:  Left Middle Frontal Gyrus"
31,137,-21,-77,43,"* Within 1 mm: L_IntraParietal_Sulcus_Area_1","Focus point:  lsOccG_left","Focus point:  Left Superior Occipital Gyrus"
62,138,-21,-25,64,"Focus point:  L_Primary_Motor_Cortex","Focus point:  A4ul_left","Focus point:  Left Precentral Gyrus"
126,139,-21,-21,-25,"Focus point:  L_PreSubiculum","* Within 1 mm: A28/34_left","Focus point:  Left ParaHippocampal Gyrus"
89,140,-21,3,62,"Focus point:  L_Area_6_anterior","Focus point:  A6dl_left","Focus point:  Left Superior Frontal Gyrus"
187,141,-21,20,49,"Focus point:  L_Superior_6-8_Transitional_Area","Focus point:  A8dl_left","Focus point:  Left Middle Frontal Gyrus"
22,142,-20,-65,7,"Focus point:  L_Second_Visual_Area","Focus point:  vmPOS_left","Focus point:  Left Calcarine Gyrus"
84,143,-20,-54,65,"Focus point:  L_Lateral_Area_7A","Focus point:  A7pc_left","Focus point:  Left Superior Parietal Lobule"
403,144,-20,-7,-13,"* Within 5 mm: L_Piriform_Cortex","Focus point:  mAmyg_left","Focus point:  Left Hippocampus"
416,145,-20,3,5,NA,"Focus point:  GP_left","Focus point:  Left Putamen"
66,146,-19,-31,66,"Focus point:  L_Primary_Sensory_Cortex","Focus point:  A1/2/3tru_left","Focus point:  Left Postcentral Gyrus"
407,147,-19,-27,4,NA,"Focus point:  PPtha_left","Focus point:  Left Thalamus"
67,148,-18,-39,69,"Focus point:  L_Area_2","Focus point:  A1/2/3tru_left","Focus point:  Left Postcentral Gyrus"
7,149,-18,-37,-12,"Focus point:  L_PreSubiculum","Focus point:  TH_left","Focus point:  Left ParaHippocampal Gyrus"
184,150,-18,35,46,"Focus point:  L_Area_8Ad","Focus point:  A8dl_left","Focus point:  Left Superior Frontal Gyrus"
433,151,-17,-63,-47,NA,NA,"Focus point:  Left Cerebellum (VIII)"
176,152,-17,65,9,"Focus point:  L_Area_10d","Focus point:  A10m_left","Focus point:  Left Superior Frontal Gyrus"
9,153,-16,-86,-13,"* Within 1 mm: L_Third_Visual_Area","Focus point:  cLinG_left","Focus point:  Left Lingual Gyrus"
406,154,-16,-17,7,NA,"Focus point:  lPFtha_left","Focus point:  Left Thalamus"
29,155,-15,-88,32,"Focus point:  L_Area_V3A","Focus point:  msOccG_left","Focus point:  Left Superior Occipital Gyrus"
81,156,-15,-69,56,"Focus point:  L_Lateral_Area_7P","Focus point:  A7c_left","Focus point:  Left Superior Parietal Lobule"
435,157,-15,-47,-36,NA,NA,"* Within 3 mm: Left Cerebellum (IX)"
65,158,-15,-13,70,"Focus point:  L_Area_6mp","Focus point:  A6cdl_left","Focus point:  Left Precentral Gyrus"
417,159,-15,11,1,NA,"* Within 1 mm: vmPu_left","Focus point:  Left Putamen"
179,160,-15,56,31,"Focus point:  L_Area_9_anterior","Focus point:  A9l_left","Focus point:  Left Superior Frontal Gyrus"
118,161,-15,64,-8,"Focus point:  L_Polar_10p","Focus point:  A10l_left","Focus point:  Left Superior Orbital Gyrus"
16,162,-14,-56,1,"Focus point:  L_Primary_Visual_Cortex","Focus point:  vmPOS_left","Focus point:  Left Lingual Gyrus"
432,163,-14,-51,-27,NA,NA,"* Within 1 mm: Left Cerebellum (IV-V)"
30,164,-13,-80,35,"Focus point:  L_Sixth_Visual_Area","Focus point:  msOccG_left","Focus point:  Left Cuneus"
26,165,-13,-70,20,"Focus point:  L_Second_Visual_Area","Focus point:  vmPOS_left","Focus point:  Left Cuneus"
191,166,-13,-61,19,"Focus point:  L_Parieto-Occipital_Sulcus_Area_1","Focus point:  dmPOS_left","Focus point:  Left Calcarine Gyrus"
10,167,-13,-60,-5,"Focus point:  L_Second_Visual_Area","Focus point:  rLinG_left","Focus point:  Left Lingual Gyrus"
20,168,-13,-50,4,"Focus point:  L_Parieto-Occipital_Sulcus_Area_1","Focus point:  A23v_left","Focus point:  Left Calcarine Gyrus"
85,169,-13,-49,71,"Focus point:  L_Area_5L","Focus point:  A5m_left","Focus point:  Left Precuneus"
13,170,-13,-42,-5,"Focus point:  L_PreSubiculum","Focus point:  TH_left","Focus point:  Left Lingual Gyrus"
111,171,-12,-40,46,"Focus point:  L_Area_23c","Focus point:  A5m_left","Focus point:  Left Precuneus"
415,172,-12,11,-8,"* Within 6 mm: L_posterior_OFC_Complex","Focus point:  vCa_left","Focus point:  Left Putamen"
114,173,-12,23,-20,"Focus point:  L_Orbital_Frontal_Complex","Focus point:  A13_left","Focus point:  Left Superior Orbital Gyrus"
188,174,-12,23,59,"Focus point:  L_Superior_Frontal_Language_Area","Focus point:  A8dl_left","Focus point:  Left Superior Medial Gyrus"
24,175,-11,-96,17,"Focus point:  L_Second_Visual_Area","Focus point:  OPC_left","Focus point:  Left Superior Occipital Gyrus"
68,176,-11,-28,70,"* Within 1 mm: L_Primary_Motor_Cortex","Focus point:  A4ul_left","Focus point:  Left Paracentral Lobule"
109,177,-11,-26,40,"Focus point:  L_Area_23c","Focus point:  A23c_left","Focus point:  Left Middle Cingulate Cortex"
116,178,-11,46,-21,"Focus point:  L_Orbital_Frontal_Complex","Focus point:  A11m_left","Focus point:  Left Superior Orbital Gyrus"
194,179,-10,-69,32,"Focus point:  L_Parieto-Occipital_Sulcus_Area_2","Focus point:  dmPOS_left","Focus point:  Left Precuneus"
54,180,-9,-37,52,"Focus point:  L_Area_5m","Focus point:  A1/2/3ll_left","Focus point:  Left Middle Cingulate Cortex"
408,181,-9,-23,10,NA,"Focus point:  Otha_left","Focus point:  Left Thalamus"
405,182,-9,-15,7,NA,"Focus point:  mPFtha_left","Focus point:  Left Thalamus"
144,183,-8,-75,44,"* Within 1 mm: L_Parieto-Occipital_Sulcus_Area_2","Focus point:  dmPOS_left","Focus point:  Left Precuneus"
21,184,-8,-74,9,"Focus point:  L_Primary_Visual_Cortex","Focus point:  rCunG_left","Focus point:  Left Calcarine Gyrus"
63,185,-8,-41,68,"* Within 2 mm: L_Area_5m","Focus point:  A1/2/3ll_left","Focus point:  Left Precuneus"
49,186,-8,-14,46,"Focus point:  L_Dorsal_Area_24d","Focus point:  A23c_left","Focus point:  Left Middle Cingulate Cortex"
113,187,-8,-5,68,"Focus point:  L_Supplementary_And_Cingulate_Eye","Focus point:  A6m_left","Focus point:  Left SMA"
183,188,-8,42,49,"* Within 1 mm: L_Area_8B_Lateral","Focus point:  A9l_left","Focus point:  Left Superior Medial Gyrus"
15,189,-7,-96,-6,"* Within 1 mm: L_Primary_Visual_Cortex","Focus point:  cCunG_left","Focus point:  Left Calcarine Gyrus"
83,190,-7,-57,61,"Focus point:  L_Medial_Area_7A","Focus point:  A7m_left","Focus point:  Left Precuneus"
190,191,-7,-53,8,"Focus point:  L_Parieto-Occipital_Sulcus_Area_1","Focus point:  A23v_left","Focus point:  Left Precuneus"
196,192,-7,-43,33,"Focus point:  L_Area_dorsal_23_a+b","Focus point:  A23d_left","Focus point:  Left Middle Cingulate Cortex"
108,193,-7,0,40,"Focus point:  L_Area_Posterior_24_prime","Focus point:  A24cd_left","Focus point:  Left Middle Cingulate Cortex"
174,194,-7,43,6,"Focus point:  L_Area_posterior_24","Focus point:  A32sg_left","Focus point:  Left Anterior Cingulate Cortex"
173,195,-7,56,8,"Focus point:  L_Area_9_Middle","Focus point:  A10m_left","Focus point:  Left Superior Medial Gyrus"
11,196,-6,-74,-5,"Focus point:  L_Second_Visual_Area","Focus point:  rCunG_left","Focus point:  Left Lingual Gyrus"
200,197,-6,-50,42,"Focus point:  L_PreCuneus_Visual_Area","Focus point:  A31_left","Focus point:  Left Precuneus"
112,198,-6,-47,55,"Focus point:  L_PreCuneus_Visual_Area","Focus point:  A5m_left","Focus point:  Left Precuneus"
110,199,-6,8,47,"Focus point:  L_Ventral_Area_24d","Focus point:  A8m_left","Focus point:  Left SMA"
189,200,-6,9,63,"Focus point:  L_Superior_Frontal_Language_Area","Focus point:  A8m_left","Focus point:  Left SMA"
107,201,-6,21,31,"Focus point:  L_Anterior_24_prime","Focus point:  A32p_left","Focus point:  Left Anterior Cingulate Cortex"
177,202,-6,33,21,"Focus point:  L_Area_posterior_24","Focus point:  A32p_left","Focus point:  Left Anterior Cingulate Cortex"
169,203,-6,34,-9,"Focus point:  L_Area_a24","Focus point:  A32sg_left","Focus point:  Left Mid Orbital Gyrus"
18,204,-5,-87,2,"Focus point:  L_Primary_Visual_Cortex","Focus point:  rCunG_left","Focus point:  Left Calcarine Gyrus"
195,205,-5,-59,30,"Focus point:  L_Area_31pd","Focus point:  A31_left","Focus point:  Left Precuneus"
178,206,-5,50,29,"Focus point:  L_Area_dorsal_32","Focus point:  A10m_left","Focus point:  Left Superior Medial Gyrus"
168,207,-5,54,-10,"Focus point:  L_Area_10r","Focus point:  A14m_left","Focus point:  Left Mid Orbital Gyrus"
145,208,-4,-62,51,"Focus point:  L_Medial_Area_7P","Focus point:  A7m_left","Focus point:  Left Precuneus"
193,209,-4,-40,23,"Focus point:  L_RetroSplenial_Complex","Focus point:  A23v_left","Focus point:  Left Posterior Cingulate Cortex"
55,210,-4,-25,54,"Focus point:  L_Primary_Motor_Cortex","Focus point:  A4ll_left","Focus point:  Left Paracentral Lobule"
64,211,-4,-25,67,"Focus point:  L_Primary_Motor_Cortex","Focus point:  A4ll_left","Focus point:  Left Paracentral Lobule"
56,212,-4,-9,57,"Focus point:  L_Dorsal_Area_24d","Focus point:  A6m_left","Focus point:  Left SMA"
117,213,-4,22,-19,"Focus point:  L_Area_25","Focus point:  A13_left","Focus point:  Left Rectal Gyrus"
148,214,-4,27,46,"Focus point:  L_Area_8BM","Focus point:  A9m_left","Focus point:  Left Superior Medial Gyrus"
25,215,-3,-83,24,"Focus point:  L_Second_Visual_Area","Focus point:  rCunG_left","Focus point:  Left Cuneus"
431,216,-3,-67,-25,NA,NA,"Focus point:  Cerebellar Vermis (7)"
199,217,-3,-66,41,"Focus point:  L_Area_7m","Focus point:  A7m_left","Focus point:  Left Precuneus"
192,218,-3,-53,20,"Focus point:  L_Area_ventral_23_a+b","Focus point:  A31_left","Focus point:  Left Precuneus"
197,219,-3,-31,39,"Focus point:  L_Area_31a","Focus point:  A23d_left","Focus point:  Left Middle Cingulate Cortex"
147,220,-3,-21,29,"Focus point:  L_RetroSplenial_Complex","Focus point:  A23d_left","* Within 3 mm: Right Middle Cingulate Cortex"
146,221,-3,4,29,"Focus point:  L_Area_33_prime","Focus point:  A24rv_left","Focus point:  Left Anterior Cingulate Cortex"
198,222,-2,-14,39,"Focus point:  L_Area_23d","Focus point:  A23c_left","Focus point:  Left Middle Cingulate Cortex"
438,223,3,-69,-27,NA,NA,"Focus point:  Cerebellar Vermis (7)"
398,224,3,-18,38,"Focus point:  R_Area_23d","Focus point:  A23c_right","Focus point:  Right Middle Cingulate Cortex"
260,225,4,-25,57,"Focus point:  R_Primary_Motor_Cortex","Focus point:  A4ll_right","Focus point:  Right SMA"
359,226,4,1,31,"Focus point:  R_Area_33_prime","Focus point:  A24rv_right","Focus point:  Right Middle Cingulate Cortex"
225,227,5,-79,22,"Focus point:  R_Second_Visual_Area","Focus point:  rCunG_right","Focus point:  Right Cuneus"
396,228,5,-62,32,"Focus point:  R_Area_7m","Focus point:  A31_right","Focus point:  Right Precuneus"
395,229,5,-51,24,"Focus point:  R_Area_ventral_23_a+b","Focus point:  A31_right","Focus point:  Right Precuneus"
358,230,5,-24,28,"Focus point:  R_RetroSplenial_Complex","Focus point:  A23d_right","* Within 2 mm: Right Middle Cingulate Cortex"
268,231,5,-23,70,"Focus point:  R_Primary_Motor_Cortex","Focus point:  A4ll_right","Focus point:  Right Paracentral Lobule"
323,232,5,22,-21,"Focus point:  R_Orbital_Frontal_Complex","Focus point:  A13_right","Focus point:  Right Rectal Gyrus"
384,233,5,24,19,"Focus point:  R_Area_33_prime","Focus point:  A24rv_right","Focus point:  Right Anterior Cingulate Cortex"
361,234,5,26,47,"Focus point:  R_Area_8BM","Focus point:  A9m_right","Focus point:  Right Superior Medial Gyrus"
379,235,5,40,-10,"Focus point:  R_Area_s32","Focus point:  A14m_right","Focus point:  Right Mid Orbital Gyrus"
387,236,5,42,39,"Focus point:  R_Area_8BM","Focus point:  A9m_right","Focus point:  Right Superior Medial Gyrus"
357,237,6,-62,44,"Focus point:  R_Area_7m","Focus point:  A7m_right","Focus point:  Right Precuneus"
400,238,6,-48,44,"Focus point:  R_PreCuneus_Visual_Area","Focus point:  A31_right","Focus point:  Right Precuneus"
393,239,6,-43,20,"Focus point:  R_RetroSplenial_Complex","Focus point:  A23v_right","Focus point:  Right Posterior Cingulate Cortex"
397,240,6,-37,36,"Focus point:  R_Area_31p_ventral","Focus point:  A23d_right","Focus point:  Right Middle Cingulate Cortex"
317,241,6,-3,65,"Focus point:  R_Supplementary_And_Cingulate_Eye","Focus point:  A6m_right","Focus point:  Right SMA"
314,242,6,9,54,"Focus point:  R_Supplementary_And_Cingulate_Eye","Focus point:  A8m_right","Focus point:  Right SMA"
385,243,6,56,30,"* Within 1 mm: R_Area_9_Middle","Focus point:  A9l_right","Focus point:  Right Superior Medial Gyrus"
285,244,7,-70,52,"* Within 1 mm: R_Medial_Area_7P","Focus point:  A7m_right","Focus point:  Right Precuneus"
287,245,7,-53,57,"Focus point:  R_PreCuneus_Visual_Area","Focus point:  A5m_right","Focus point:  Right Precuneus"
254,246,7,-10,50,"Focus point:  R_Dorsal_Area_24d","Focus point:  A6m_right","Focus point:  Right Middle Cingulate Cortex"
312,247,7,1,42,"Focus point:  R_Ventral_Area_24d","Focus point:  A24cd_right","Focus point:  Right Middle Cingulate Cortex"
311,248,7,17,35,"Focus point:  R_Anterior_24_prime","Focus point:  A32p_right","Focus point:  Right Middle Cingulate Cortex"
382,249,7,52,14,"Focus point:  R_Area_9_Middle","Focus point:  A10m_right","Focus point:  Right Anterior Cingulate Cortex"
360,250,8,34,25,"Focus point:  R_Area_posterior_24","Focus point:  A32p_right","Focus point:  Right Anterior Cingulate Cortex"
381,251,8,41,4,"Focus point:  R_Area_a24","Focus point:  A32sg_right","Focus point:  Right Anterior Cingulate Cortex"
321,252,8,45,-23,"Focus point:  R_Orbital_Frontal_Complex","Focus point:  A11m_right","Focus point:  Right Rectal Gyrus"
215,253,9,-90,-1,"Focus point:  R_Primary_Visual_Cortex","Focus point:  cLinG_right","Focus point:  Right Calcarine Gyrus"
211,254,9,-72,-3,"* Within 1 mm: R_Second_Visual_Area","Focus point:  rLinG_right","Focus point:  Right Lingual Gyrus"
262,255,9,-41,66,"Focus point:  R_Area_5m","Focus point:  A1/2/3ll_right","Focus point:  Right Paracentral Lobule"
324,256,9,62,-14,"Focus point:  R_Polar_10p","Focus point:  A11m_right","Focus point:  Right Mid Orbital Gyrus"
380,257,9,65,2,"* Within 1 mm: R_Area_10d","Focus point:  A10m_right","Focus point:  Right Superior Medial Gyrus"
219,258,10,-73,9,"Focus point:  R_Primary_Visual_Cortex","Focus point:  rCunG_right","Focus point:  Right Calcarine Gyrus"
315,259,10,-43,53,"Focus point:  R_Area_23c","Focus point:  A5m_right","Focus point:  Right Precuneus"
412,260,10,-20,10,NA,"Focus point:  PPtha_right","Focus point:  Right Thalamus"
409,261,10,-13,6,NA,"Focus point:  lPFtha_right","Focus point:  Right Thalamus"
399,262,11,-51,36,"Focus point:  R_Area_31pd","Focus point:  A31_right","Focus point:  Right Precuneus"
313,263,11,-32,42,"Focus point:  R_Area_23c","Focus point:  A23c_right","Focus point:  Right Middle Cingulate Cortex"
316,264,11,-31,49,"Focus point:  R_Area_5m_ventral","Focus point:  A1/2/3ll_right","Focus point:  Right Paracentral Lobule"
250,265,11,-16,41,"Focus point:  R_Area_23c","Focus point:  A23c_right","Focus point:  Right Middle Cingulate Cortex"
212,266,12,-56,-4,"Focus point:  R_Second_Visual_Area","Focus point:  rLinG_right","Focus point:  Right Lingual Gyrus"
392,267,12,-55,15,"Focus point:  R_Parieto-Occipital_Sulcus_Area_1","Focus point:  dmPOS_right","Focus point:  Right Precuneus"
270,268,12,-34,73,"Focus point:  R_Primary_Sensory_Cortex","Focus point:  A1/2/3tru_right","Focus point:  Right Precentral Gyrus"
420,269,12,13,-8,"* Within 5 mm: R_posterior_OFC_Complex","Focus point:  NAC_right","Focus point:  Right Caudate Nucleus"
422,270,12,15,2,NA,"Focus point:  vCa_right","Focus point:  Right Caudate Nucleus"
391,271,12,18,62,"Focus point:  R_Superior_Frontal_Language_Area","Focus point:  A8m_right","Focus point:  Right SMA"
223,272,13,-92,19,"Focus point:  R_Third_Visual_Area","Focus point:  cCunG_right","Focus point:  Right Cuneus"
356,273,13,-70,38,"Focus point:  R_Parieto-Occipital_Sulcus_Area_2","Focus point:  dmPOS_right","Focus point:  Right Cuneus"
288,274,13,-63,63,"Focus point:  R_Medial_Area_7A","Focus point:  A7r_right","Focus point:  Right Precuneus"
389,275,13,38,51,"Focus point:  R_Area_8B_Lateral","Focus point:  A9l_right","Focus point:  Right Superior Frontal Gyrus"
439,276,14,-52,-29,NA,NA,"* Within 4 mm: Right Cerebellum (IX)"
217,277,14,-46,3,"Focus point:  R_RetroSplenial_Complex","Focus point:  A23v_right","Focus point:  Right Lingual Gyrus"
319,278,14,22,-19,"Focus point:  R_posterior_OFC_Complex","Focus point:  A13_right","Focus point:  Right Superior Orbital Gyrus"
228,279,15,-77,34,"Focus point:  R_Sixth_Visual_Area","Focus point:  vmPOS_right","Focus point:  Right Cuneus"
267,280,15,-47,70,"Focus point:  R_Area_5L","Focus point:  A7pc_right","Focus point:  Right Postcentral Gyrus"
266,281,15,-9,67,"* Within 1 mm: R_Area_6mp","Focus point:  A6cdl_right","Focus point:  Right SMA"
229,282,16,-85,36,"* Within 1 mm: R_Sixth_Visual_Area","Focus point:  msOccG_right","Focus point:  Right Superior Occipital Gyrus"
224,283,16,-65,19,"Focus point:  R_Second_Visual_Area","Focus point:  vmPOS_right","Focus point:  Right Calcarine Gyrus"
394,284,16,-63,28,"Focus point:  R_Parieto-Occipital_Sulcus_Area_2","Focus point:  dmPOS_right","Focus point:  Right Precuneus"
442,285,16,-48,-38,NA,NA,"* Within 1 mm: Right Cerebellum (IX)"
269,286,16,-20,72,"* Within 1 mm: R_Primary_Motor_Cortex","Focus point:  A4t_right","Focus point:  Right Precentral Gyrus"
318,287,16,4,67,"Focus point:  R_Area_6m_anterior","Focus point:  A6dl_right","Focus point:  Right SMA"
277,288,17,-76,48,"* Within 1 mm: R_Dorsal_Transitional_Visual_Area","Focus point:  A7c_right","Focus point:  Right Precuneus"
214,289,17,-44,-3,"Focus point:  R_PreSubiculum","Focus point:  vmPOS_right","Focus point:  Right Lingual Gyrus"
386,290,17,50,35,"Focus point:  R_Area_9_Posterior","Focus point:  A9l_right","Focus point:  Right Superior Frontal Gyrus"
383,291,17,63,17,"Focus point:  R_Area_9_anterior","Focus point:  A10l_right","Focus point:  Right Superior Frontal Gyrus"
207,292,18,-36,-12,"Focus point:  R_PreSubiculum","Focus point:  TH_right","Focus point:  Right Lingual Gyrus"
410,293,18,-16,6,NA,"Focus point:  mPMtha_right","Focus point:  Right Thalamus"
440,294,19,-63,-47,NA,NA,"Focus point:  Right Cerebellum (VIII)"
421,295,19,7,5,NA,"Focus point:  GP_right","Focus point:  Right Pallidum"
208,296,20,-85,-11,"Focus point:  R_Third_Visual_Area","Focus point:  iOccG_right","Focus point:  Right Lingual Gyrus"
282,297,20,-68,53,"Focus point:  R_Medial_IntraParietal_Area","Focus point:  A7c_right","Focus point:  Right Superior Parietal Lobule"
322,298,20,42,-17,"Focus point:  R_Area_11l","Focus point:  A11l_right","Focus point:  Right Middle Orbital Gyrus"
411,299,21,-26,4,NA,"Focus point:  lPFtha_right","Focus point:  Right Thalamus"
263,300,21,-25,64,"Focus point:  R_Primary_Motor_Cortex","Focus point:  A4t_right","Focus point:  Right Precentral Gyrus"
404,301,21,-6,-13,"* Within 5 mm: R_Hippocampus","Focus point:  mAmyg_right","Focus point:  Right Hippocampus"
206,302,22,-72,-10,"Focus point:  R_Fourth_Visual_Area","Focus point:  rLinG_right","Focus point:  Right Lingual Gyrus"
265,303,22,-36,68,"Focus point:  R_Area_2","Focus point:  A1/2/3tru_right","Focus point:  Right Postcentral Gyrus"
264,304,22,-29,65,"Focus point:  R_Primary_Sensory_Cortex","Focus point:  A1/2/3tru_right","Focus point:  Right Precentral Gyrus"
331,305,22,-18,-27,"Focus point:  R_Entorhinal_Cortex","Focus point:  A35/36c_right","Focus point:  Right ParaHippocampal Gyrus"
221,306,23,-98,8,"* Within 1 mm: R_Second_Visual_Area","Focus point:  OPC_right","Focus point:  Right Superior Occipital Gyrus"
220,307,23,-59,5,"Focus point:  R_Primary_Visual_Cortex","Focus point:  dmPOS_right","Focus point:  Right Calcarine Gyrus"
320,308,23,21,-20,"Focus point:  R_Area_47s","Focus point:  A11l_right","Focus point:  Right Inferior Frontal Gyrus (p. Orbitalis)"
390,309,23,23,51,"Focus point:  R_Superior_6-8_Transitional_Area","Focus point:  A8dl_right","Focus point:  Right Superior Frontal Gyrus"
430,310,24,-10,-23,"* Within 1 mm: R_Hippocampus","Focus point:  rHipp_right","Focus point:  Right ParaHippocampal Gyrus"
292,311,24,-4,61,"Focus point:  R_Area_6_anterior","Focus point:  A6cdl_right","Focus point:  Right Superior Frontal Gyrus"
355,312,24,8,57,"Focus point:  R_Area_6m_anterior","Focus point:  A6dl_right","Focus point:  Right Superior Frontal Gyrus"
213,313,25,-95,-9,"Focus point:  R_Second_Visual_Area","Focus point:  OPC_right","Focus point:  Right Inferior Occipital Gyrus"
441,314,25,-56,-37,NA,NA,"* Within 3 mm: Right Cerebellum (VI)"
289,315,25,-51,66,"Focus point:  R_Lateral_Area_7A","Focus point:  A7r_right","Focus point:  Right Superior Parietal Lobule"
402,316,25,-4,-21,"Focus point:  R_Hippocampus","Focus point:  mAmyg_right","Focus point:  Right Hippocampus"
388,317,25,33,40,"Focus point:  R_Area_8Ad","Focus point:  A9/46d_right","Focus point:  Right Middle Frontal Gyrus"
348,318,25,53,25,"Focus point:  R_Area_9-46d","Focus point:  A46_right","Focus point:  Right Middle Frontal Gyrus"
286,319,26,-58,59,"Focus point:  R_Area_Lateral_IntraParietal_ventral","Focus point:  A7ip_right","Focus point:  Right Superior Parietal Lobule"
205,320,26,-52,-9,"Focus point:  R_VentroMedial_Visual_Area_2","Focus point:  rLinG_right","Focus point:  Right Lingual Gyrus"
429,321,26,-16,-18,"* Within 1 mm: R_Hippocampus","Focus point:  rHipp_right","Focus point:  Right Hippocampus"
419,322,26,3,3,NA,"Focus point:  dlPu_right","Focus point:  Right Putamen"
226,323,27,-86,22,"Focus point:  R_Fourth_Visual_Area","Focus point:  mOccG_right","Focus point:  Right Superior Occipital Gyrus"
261,324,27,-12,62,"Focus point:  R_Area_6mp","Focus point:  A6cdl_right","Focus point:  Right Superior Frontal Gyrus"
291,325,27,-4,49,"Focus point:  R_Area_6_anterior","Focus point:  A6cdl_right","Focus point:  Right Precentral Gyrus"
341,326,27,55,-12,"Focus point:  R_Area_11l","Focus point:  A10l_right","Focus point:  Right Middle Orbital Gyrus"
343,327,27,58,3,"Focus point:  R_Area_posterior_10p","Focus point:  A46_right","Focus point:  Right Superior Frontal Gyrus"
280,328,28,-61,49,"* Within 2 mm: R_Area_Lateral_IntraParietal_ventral","Focus point:  A7c_right","Focus point:  Right Angular Gyrus"
427,329,28,-34,-5,"Focus point:  R_Hippocampus","Focus point:  cHipp_right","Focus point:  Right Hippocampus"
325,330,28,-1,-39,"Focus point:  R_Perirhinal_Ectorhinal_Cortex","Focus point:  A20rv_right","Focus point:  Right Fusiform Gyrus"
230,331,29,-76,37,"Focus point:  R_IntraParietal_Sulcus_Area_1","Focus point:  lsOccG_right","Focus point:  Right Superior Occipital Gyrus"
329,332,29,11,-30,"Focus point:  R_Area_TG_dorsal","Focus point:  A38m_right","Focus point:  Right ParaHippocampal Gyrus"
444,333,30,-69,-37,NA,NA,"Focus point:  Right Cerebellum (Crus 1)"
202,334,30,-32,-17,"Focus point:  R_ParaHippocampal_Area_2","Focus point:  TL_right","Focus point:  Right Fusiform Gyrus"
428,335,30,-23,-14,"Focus point:  R_Hippocampus","Focus point:  cHipp_right","Focus point:  Right Hippocampus"
418,336,30,-6,1,"* Within 5 mm: R_Area_Posterior_Insular_1","Focus point:  dlPu_right","Focus point:  Right Putamen"
275,337,31,-67,35,"Focus point:  R_Area_IntraParietal_1","Focus point:  lsOccG_right","Focus point:  Right Middle Occipital Gyrus"
443,338,31,-64,-37,NA,NA,"Focus point:  Right Cerebellum (Crus 1)"
281,339,32,-46,41,"Focus point:  R_Anterior_IntraParietal_Area","Focus point:  A5l_right","Focus point:  Right Angular Gyrus"
258,340,32,-41,62,"* Within 1 mm: R_Area_2","Focus point:  A7pc_right","Focus point:  Right Postcentral Gyrus"
257,341,32,-34,60,"* Within 1 mm: R_Area_2","Focus point:  A2_right","Focus point:  Right Postcentral Gyrus"
310,342,32,43,28,"Focus point:  R_Area_46","Focus point:  A9/46d_right","Focus point:  Right Middle Frontal Gyrus"
284,343,33,-52,53,"Focus point:  R_Area_Lateral_IntraParietal_ventral","Focus point:  A7ip_right","Focus point:  Right Inferior Parietal Lobule"
201,344,33,-37,-22,"Focus point:  R_Area_TF","Focus point:  A20rv_right","Focus point:  Right Fusiform Gyrus"
354,345,33,14,54,"Focus point:  R_Inferior_6-8_Transitional_Area","Focus point:  A6vl_right","Focus point:  Right Middle Frontal Gyrus"
218,346,34,-87,5,"Focus point:  R_Fourth_Visual_Area","Focus point:  mOccG_right","Focus point:  Right Middle Occipital Gyrus"
204,347,34,-73,-15,"Focus point:  R_Eighth_Visual_Area","Focus point:  A37mv_right","Focus point:  Right Fusiform Gyrus"
334,348,34,-68,45,"Focus point:  R_Area_IntraParietal_1","Focus point:  A39rd_right","Focus point:  Right Angular Gyrus"
203,349,34,-53,-17,"Focus point:  R_Ventral_Visual_Complex","Focus point:  A37mv_right","Focus point:  Right Fusiform Gyrus"
259,350,34,-28,60,"Focus point:  R_Primary_Sensory_Cortex","Focus point:  A1/2/3ulhf_right","Focus point:  Right Precentral Gyrus"
236,351,34,-22,15,"Focus point:  R_RetroInsular_Cortex","Focus point:  G_right","Focus point:  Right Insula Lobe"
340,352,34,22,-6,"Focus point:  R_Anterior_Ventral_Insular_Area","Focus point:  A12/47l_right","Focus point:  Right Insula Lobe"
375,353,34,23,-16,"Focus point:  R_Area_47s","Focus point:  A12/47o_right","Focus point:  Right Inferior Frontal Gyrus (p. Orbitalis)"
227,354,35,-77,25,"Focus point:  R_Area_IntraParietal_0","Focus point:  A39rd_right","Focus point:  Right Middle Occipital Gyrus"
376,355,35,37,-12,"Focus point:  R_Area_47m","Focus point:  A11l_right","Focus point:  Right Inferior Frontal Gyrus (p. Orbitalis)"
256,356,36,-18,61,"* Within 2 mm: R_Primary_Motor_Cortex","* Within 1 mm: A4ul_right","Focus point:  Right Precentral Gyrus"
327,357,36,16,-36,"Focus point:  R_Area_TG_dorsal","Focus point:  A21r_right","Focus point:  Right Medial Temporal Pole"
306,358,36,23,6,"* Within 1 mm: R_Anterior_Ventral_Insular_Area","Focus point:  dIa_right","Focus point:  Right Insula Lobe"
350,359,37,11,32,"Focus point:  R_Area_8C","Focus point:  IFJ_right","Focus point:  Right Inferior Frontal Gyrus (p. Opercularis)"
278,360,38,-39,38,"Focus point:  R_Anterior_IntraParietal_Area","Focus point:  A40rd_right","* Within 2 mm: Right SupraMarginal Gyrus"
283,361,38,-38,49,"Focus point:  R_Anterior_IntraParietal_Area","Focus point:  A40rd_right","Focus point:  Right Inferior Parietal Lobule"
235,362,38,-8,14,"Focus point:  R_Area_OP2-3/VS","Focus point:  dIg_right","Focus point:  Right Insula Lobe"
305,363,38,-1,7,"Focus point:  R_Posterior_Insular_Area_2","Focus point:  dId_right","Focus point:  Right Insula Lobe"
307,364,38,6,12,"Focus point:  R_Frontal_Opercular_Area_3","Focus point:  dId_right","Focus point:  Right Insula Lobe"
351,365,38,31,38,"Focus point:  R_Area_8Av","Focus point:  A8vl_right","Focus point:  Right Middle Frontal Gyrus"
337,366,39,-57,44,"Focus point:  R_Area_PFm_Complex","Focus point:  A39rd_right","Focus point:  Right Angular Gyrus"
328,367,39,-16,-30,"Focus point:  R_Area_TF","Focus point:  A20rv_right","Focus point:  Right Fusiform Gyrus"
290,368,39,-3,51,"Focus point:  R_Frontal_Eye_Fields","Focus point:  A6cdl_right","Focus point:  Right Precentral Gyrus"
234,369,40,-19,6,"Focus point:  R_Medial_Belt_Complex","Focus point:  G_right","Focus point:  Right Heschls Gyrus"
304,370,40,-11,-3,"Focus point:  R_Area_Posterior_Insular_1","Focus point:  vId/vIg_right","Focus point:  Right Insula Lobe"
302,371,40,4,-14,"Focus point:  R_Area_Posterior_Insular_1","Focus point:  vId/vIg_right","Focus point:  Right Insula Lobe"
353,372,40,7,50,"Focus point:  R_Area_55b","Focus point:  IFJ_right","Focus point:  Right Precentral Gyrus"
303,373,40,9,-1,"Focus point:  R_Middle_Insular_Area","Focus point:  dId_right","Focus point:  Right Insula Lobe"
210,374,41,-83,-11,"* Within 1 mm: R_Posterior_InferoTemporal","Focus point:  iOccG_right","Focus point:  Right Inferior Occipital Gyrus"
240,375,41,-29,18,"Focus point:  R_Area_PFcm","Focus point:  A40rv_right","Focus point:  Right Rolandic Operculum"
255,376,41,-22,53,"Focus point:  R_Primary_Sensory_Cortex","Focus point:  A1/2/3ulhf_right","Focus point:  Right Postcentral Gyrus"
239,377,41,-13,19,"Focus point:  R_Area_OP2-3/VS","Focus point:  A1/2/3tonIa_right","Focus point:  Right Rolandic Operculum"
345,378,41,46,15,"Focus point:  R_Area_posterior_9-46v","Focus point:  A9/46v_right","Focus point:  Right Middle Frontal Gyrus"
222,379,42,-79,12,"Focus point:  R_Area_Lateral_Occipital_1","Focus point:  A39c_right","Focus point:  Right Middle Occipital Gyrus"
342,380,42,50,-5,"* Within 1 mm: R_Area_anterior_47r","Focus point:  A12/47l_right","Focus point:  Right Middle Orbital Gyrus"
274,381,43,-76,31,"Focus point:  R_Area_PGp","Focus point:  A39c_right","Focus point:  Right Middle Occipital Gyrus"
336,382,43,-47,47,"Focus point:  R_Area_PFm_Complex","Focus point:  A40rd_right","Focus point:  Right Inferior Parietal Lobule"
279,383,43,-29,40,"Focus point:  R_Anterior_IntraParietal_Area","Focus point:  A40rd_right","Focus point:  Right Postcentral Gyrus"
252,384,44,-10,48,"Focus point:  R_Primary_Motor_Cortex","Focus point:  A4ul_right","Focus point:  Right Precentral Gyrus"
352,385,44,17,42,"Focus point:  R_Area_8Av","* Within 1 mm: IFJ_right","Focus point:  Right Middle Frontal Gyrus"
347,386,46,18,25,"Focus point:  R_Area_IFJa","Focus point:  A44d_right","Focus point:  Right Inferior Frontal Gyrus (p. Triangularis)"
346,387,46,31,18,"Focus point:  R_Area_IFSp","Focus point:  IFS_right","Focus point:  Right Inferior Frontal Gyrus (p. Triangularis)"
366,388,47,-66,40,"* Within 1 mm: R_Area_PGi","Focus point:  A39rd_right","Focus point:  Right Angular Gyrus"
349,389,47,29,28,"* Within 1 mm: R_Area_posterior_9-46v","Focus point:  A8vl_right","Focus point:  Right Inferior Frontal Gyrus (p. Triangularis)"
344,390,47,39,6,"Focus point:  R_Area__IFSa","Focus point:  IFS_right","Focus point:  Right Inferior Frontal Gyrus (p. Triangularis)"
216,391,48,-67,6,"Focus point:  R_Medial_Superior_Temporal_Area","Focus point:  V5/MT+_right","Focus point:  Right Middle Temporal Gyrus"
209,392,48,-66,-9,"Focus point:  R_Area_PH","Focus point:  V5/MT+_right","Focus point:  Right Inferior Temporal Gyrus"
363,393,48,-65,21,"Focus point:  R_Area_TemporoParietoOccipital_Junction_3","Focus point:  A39c_right","Focus point:  Right Middle Temporal Gyrus"
271,394,48,-51,-17,"Focus point:  R_Area_TE2_posterior","Focus point:  A37lv_right","Focus point:  Right Inferior Temporal Gyrus"
253,395,48,-26,54,"Focus point:  R_Area_2","Focus point:  A2_right","Focus point:  Right Postcentral Gyrus"
243,396,48,-23,18,"Focus point:  R_Area_PFcm","Focus point:  A40rv_right","Focus point:  Right Rolandic Operculum"
326,397,48,-7,-38,"* Within 1 mm: R_Area_TE2_anterior","Focus point:  A20il_right","Focus point:  Right Inferior Temporal Gyrus"
301,398,48,3,41,"Focus point:  R_Premotor_Eye_Fields","Focus point:  A6cvl_right","Focus point:  Right Precentral Gyrus"
293,399,48,8,26,"Focus point:  R_Rostral_Area_6","Focus point:  A6cvl_right","Focus point:  Right Inferior Frontal Gyrus (p. Opercularis)"
369,400,48,14,-20,"* Within 1 mm: R_Area_STGa","Focus point:  A38l_right","Focus point:  Right Temporal Pole"
377,401,48,31,-6,"Focus point:  R_Area_45","Focus point:  A12/47l_right","Focus point:  Right Inferior Frontal Gyrus (p. Orbitalis)"
330,402,49,-29,-25,"Focus point:  R_Area_TE2_posterior","Focus point:  A20cv_right","Focus point:  Right Inferior Temporal Gyrus"
372,403,49,-23,-6,"Focus point:  R_Area_STSd_posterior","Focus point:  aSTS_right","* Within 1 mm: Right Superior Temporal Gyrus"
308,404,49,5,4,"Focus point:  R_Frontal_Opercular_Area_1","Focus point:  A4tl_right","Focus point:  Right Insula Lobe"
367,405,49,7,-32,"Focus point:  R_Area_TG_dorsal","* Within 1 mm: A21r_right","Focus point:  Right Medial Temporal Pole"
364,406,50,-55,26,"* Within 1 mm: R_Area_PGi","Focus point:  A39rv_right","Focus point:  Right Angular Gyrus"
295,407,50,-41,14,"Focus point:  R_Area_TemporoParietoOccipital_Junction_1","Focus point:  cpSTS_right","Focus point:  Right Superior Temporal Gyrus"
374,408,50,-35,3,"Focus point:  R_Area_STSd_posterior","Focus point:  rpSTS_right","Focus point:  Right Middle Temporal Gyrus"
251,409,50,-14,48,"Focus point:  R_Primary_Sensory_Cortex","Focus point:  A1/2/3ulhf_right","Focus point:  Right Precentral Gyrus"
241,410,50,-12,15,"Focus point:  R_Area_OP4/PV","Focus point:  A1/2/3tonIa_right","Focus point:  Right Rolandic Operculum"
248,411,50,-7,38,"Focus point:  R_Primary_Motor_Cortex","Focus point:  A4hf_right","Focus point:  Right Precentral Gyrus"
335,412,51,-36,50,"* Within 1 mm: R_Area_IntraParietal_2","Focus point:  A40rd_right","Focus point:  Right Inferior Parietal Lobule"
273,413,52,-57,12,"Focus point:  R_Area_TemporoParietoOccipital_Junction_2","Focus point:  A39rv_right","Focus point:  Right Middle Temporal Gyrus"
362,414,52,-47,18,"* Within 1 mm: R_Superior_Temporal_Visual_Area","Focus point:  A39rv_right","Focus point:  Right Middle Temporal Gyrus"
333,415,52,-46,48,"Focus point:  R_Area_PFm_Complex","Focus point:  A40c_right","Focus point:  Right Inferior Parietal Lobule"
332,416,53,-55,42,"Focus point:  R_Area_PFm_Complex","Focus point:  A39rv_right","Focus point:  Right Inferior Parietal Lobule"
249,417,53,-17,40,"Focus point:  R_Area_2","Focus point:  A2_right","Focus point:  Right Postcentral Gyrus"
231,418,53,1,-5,"Focus point:  R_Area_TA2","Focus point:  TE1.0_1.2_right","Focus point:  Right Superior Temporal Gyrus"
309,419,53,13,12,"Focus point:  R_Rostral_Area_6","Focus point:  A44v_right","Focus point:  Right Inferior Frontal Gyrus (p. Opercularis)"
378,420,53,25,10,"Focus point:  R_Area_44","Focus point:  A45c_right","Focus point:  Right Inferior Frontal Gyrus (p. Triangularis)"
233,421,54,-15,7,"Focus point:  R_Medial_Belt_Complex","Focus point:  A41/42_right","Focus point:  Right Superior Temporal Gyrus"
370,422,54,-6,-13,"Focus point:  R_Area_STSd_anterior","Focus point:  aSTS_right","Focus point:  Right Superior Temporal Gyrus"
276,423,55,-25,44,"Focus point:  R_Area_PFt","Focus point:  A40rd_right","Focus point:  Right Postcentral Gyrus"
365,424,56,-48,28,"Focus point:  R_Superior_Temporal_Visual_Area","Focus point:  A39rv_right","Focus point:  Right SupraMarginal Gyrus"
272,425,58,-56,-1,"Focus point:  R_Area_PHT","Focus point:  A37dl_right","Focus point:  Right Middle Temporal Gyrus"
294,426,58,-47,9,"Focus point:  R_Area_TemporoParietoOccipital_Junction_1","Focus point:  A39rv_right","Focus point:  Right Middle Temporal Gyrus"
297,427,58,-32,25,"Focus point:  R_PeriSylvian_Language_Area","Focus point:  A40rv_right","Focus point:  Right SupraMarginal Gyrus"
246,428,58,-6,28,"Focus point:  R_Primary_Sensory_Cortex","Focus point:  A1/2/3ulhf_right","Focus point:  Right Postcentral Gyrus"
242,429,59,1,11,"Focus point:  R_Area_43","Focus point:  A4tl_right","Focus point:  Right Rolandic Operculum"
245,430,59,6,31,"Focus point:  R_Ventral_Area_6","Focus point:  A4hf_right","Focus point:  Right Precentral Gyrus"
300,431,60,-40,37,"* Within 1 mm: R_Area_PF_Complex","Focus point:  A40c_right","Focus point:  Right SupraMarginal Gyrus"
237,432,60,-25,12,"Focus point:  R_ParaBelt_Complex","Focus point:  A41/42_right","Focus point:  Right Superior Temporal Gyrus"
298,433,60,-23,25,"Focus point:  R_Area_PF_opercular","Focus point:  A40rv_right","Focus point:  Right SupraMarginal Gyrus"
247,434,60,-15,31,"Focus point:  R_Area_PFt","Focus point:  A2_right","Focus point:  Right Postcentral Gyrus"
296,435,61,-40,22,"* Within 2 mm: R_Superior_Temporal_Visual_Area","Focus point:  A40c_right","Focus point:  Right Superior Temporal Gyrus"
338,436,61,-32,-19,"Focus point:  R_Area_TE1_Middle","Focus point:  A20cl_right","Focus point:  Right Inferior Temporal Gyrus"
368,437,61,-10,-21,"Focus point:  R_Area_TE1_anterior","Focus point:  aSTS_right","Focus point:  Right Middle Temporal Gyrus"
339,438,62,-45,-10,"Focus point:  R_Area_TE1_posterior","Focus point:  A21c_right","Focus point:  Right Inferior Temporal Gyrus"
373,439,62,-40,1,"Focus point:  R_Area_STSv_posterior","Focus point:  rpSTS_right","Focus point:  Right Middle Temporal Gyrus"
299,440,62,-28,39,"Focus point:  R_Area_PF_Complex","Focus point:  A40rv_right","Focus point:  Right SupraMarginal Gyrus"
371,441,62,-26,-6,"Focus point:  R_Area_TE1_Middle","Focus point:  aSTS_right","Focus point:  Right Middle Temporal Gyrus"
232,442,62,-21,0,"Focus point:  R_Auditory_5_Complex","Focus point:  A22r_right","Focus point:  Right Superior Temporal Gyrus"
244,443,62,-14,17,"Focus point:  R_Area_OP4/PV","Focus point:  A1/2/3tonIa_right","Focus point:  Right Postcentral Gyrus"
238,444,64,-36,12,"* Within 2 mm: R_Area_TemporoParietoOccipital_Junction_1","Focus point:  cpSTS_right","Focus point:  Right Superior Temporal Gyrus"
